{
    "BiLSTM_sd0.2_rd0.4_u32_lr0.001": {
        "loss": [
            1.3655403852462769,
            1.2053654193878174,
            1.0645978450775146,
            0.9465897679328918,
            0.8215798735618591,
            0.7205779552459717,
            0.6109673976898193,
            0.5146366953849792,
            0.4422836899757385,
            0.3711344301700592,
            0.31564387679100037,
            0.26630353927612305,
            0.2561796307563782
        ],
        "val_loss": [
            1.23506498336792,
            1.081464409828186,
            0.9518968462944031,
            0.880299985408783,
            0.8491605520248413,
            0.8581229448318481,
            0.8435050249099731,
            0.8001571893692017,
            0.8007434606552124,
            0.8385792970657349,
            0.8642122149467468,
            0.8819698095321655,
            0.8961846232414246
        ],
        "lr": [
            0.0010000000474974513,
            0.0010000000474974513,
            0.0010000000474974513,
            0.0010000000474974513,
            0.0010000000474974513,
            0.0010000000474974513,
            0.0010000000474974513,
            0.0010000000474974513,
            0.0010000000474974513,
            0.0010000000474974513,
            0.0010000000474974513,
            0.0005000000237487257,
            0.0005000000237487257
        ],
        "val_f1_macro": [
            0.3838525139735909,
            0.45180311289104425,
            0.4759875610323181,
            0.5193988345439494,
            0.567239671791202,
            0.5674379860812264,
            0.5816302440038903,
            0.6091862318277655,
            0.6097531926758815,
            0.6126548506700283,
            0.6219708008415665,
            0.6267365075564324,
            0.6218988181083747
        ],
        "train_f1_macro": [
            0.4727801730137057,
            0.559001091911306,
            0.642669690372259,
            0.707568508544612,
            0.7644886618945596,
            0.8029766636560893,
            0.837897643649394,
            0.8835942499913199,
            0.9097201147254168,
            0.9324236240636736,
            0.9450130612982526,
            0.9453938743850363,
            0.9518764423758318
        ],
        "learning_rate": [
            0.0010000000474974513,
            0.0010000000474974513,
            0.0010000000474974513,
            0.0010000000474974513,
            0.0010000000474974513,
            0.0010000000474974513,
            0.0010000000474974513,
            0.0010000000474974513,
            0.0010000000474974513,
            0.0010000000474974513,
            0.0010000000474974513,
            0.0005000000237487257,
            0.0005000000237487257
        ]
    },
    "BiLSTM_sd0.2_rd0.4_u16_lr0.001": {
        "loss": [
            1.3913335800170898,
            1.3069775104522705,
            1.2183343172073364,
            1.094576358795166,
            0.9908635020256042,
            0.8764327764511108,
            0.749725341796875,
            0.6413973569869995,
            0.5768967866897583,
            0.516741931438446,
            0.4145699143409729,
            0.36716410517692566,
            0.3496316373348236
        ],
        "val_loss": [
            1.3160970211029053,
            1.2228745222091675,
            1.0894770622253418,
            0.977940559387207,
            0.9054120182991028,
            0.9016256928443909,
            0.8735645413398743,
            0.8255520462989807,
            0.8273268938064575,
            0.8583791255950928,
            0.8921371698379517,
            0.8942746520042419,
            0.9027639627456665
        ],
        "lr": [
            0.0010000000474974513,
            0.0010000000474974513,
            0.0010000000474974513,
            0.0010000000474974513,
            0.0010000000474974513,
            0.0010000000474974513,
            0.0010000000474974513,
            0.0010000000474974513,
            0.0010000000474974513,
            0.0010000000474974513,
            0.0010000000474974513,
            0.0005000000237487257,
            0.0005000000237487257
        ],
        "val_f1_macro": [
            0.35016801943655906,
            0.4075285333674883,
            0.46274970475790145,
            0.4955773938339023,
            0.5558305980390797,
            0.5903050302036843,
            0.586339176428758,
            0.6135151044328728,
            0.6332887053537669,
            0.6239243466319905,
            0.6152187528777312,
            0.6197941399428246,
            0.6163567051671952
        ],
        "train_f1_macro": [
            0.3955777632896272,
            0.4584504067473818,
            0.5855706560018837,
            0.6587689874654539,
            0.713748726082696,
            0.7482107434255735,
            0.8040620514390665,
            0.8523865682140925,
            0.8727263772102833,
            0.9038798573233893,
            0.9171712864380794,
            0.9344231856035292,
            0.9469472587172155
        ],
        "learning_rate": [
            0.0010000000474974513,
            0.0010000000474974513,
            0.0010000000474974513,
            0.0010000000474974513,
            0.0010000000474974513,
            0.0010000000474974513,
            0.0010000000474974513,
            0.0010000000474974513,
            0.0010000000474974513,
            0.0010000000474974513,
            0.0010000000474974513,
            0.0005000000237487257,
            0.0005000000237487257
        ]
    },
    "BiLSTM_sd0.2_rd0.4_u32_lr0.0005": {
        "loss": [
            1.3943668603897095,
            1.3153420686721802,
            1.2300925254821777,
            1.1162811517715454,
            1.0349739789962769,
            0.9714940786361694,
            0.9053608775138855,
            0.8379225134849548,
            0.7751537561416626,
            0.7236695289611816,
            0.6695032119750977,
            0.6007269024848938,
            0.591198205947876,
            0.5029106736183167,
            0.4585931897163391,
            0.4581010639667511
        ],
        "val_loss": [
            1.3082321882247925,
            1.2266820669174194,
            1.0993679761886597,
            0.9807983636856079,
            0.9272605180740356,
            0.9498944878578186,
            0.9042466282844543,
            0.850587785243988,
            0.8358564376831055,
            0.8123748302459717,
            0.7862942814826965,
            0.7888908982276917,
            0.7993205785751343,
            0.8045857548713684,
            0.798676609992981,
            0.7892693877220154
        ],
        "lr": [
            0.0005000000237487257,
            0.0005000000237487257,
            0.0005000000237487257,
            0.0005000000237487257,
            0.0005000000237487257,
            0.0005000000237487257,
            0.0005000000237487257,
            0.0005000000237487257,
            0.0005000000237487257,
            0.0005000000237487257,
            0.0005000000237487257,
            0.0005000000237487257,
            0.0005000000237487257,
            0.0005000000237487257,
            0.0002500000118743628,
            0.0002500000118743628
        ],
        "val_f1_macro": [
            0.3324268020485379,
            0.38062688917136256,
            0.43677797628616755,
            0.4625983363723628,
            0.47769431249777994,
            0.49222648944918856,
            0.5201707432006436,
            0.5621527313715912,
            0.5876008172127061,
            0.5963922964922863,
            0.5920896128598401,
            0.6128719192717897,
            0.6156191927527352,
            0.6120317165799213,
            0.6139323151513882,
            0.6250586967908031
        ],