{
  "model_name": "BiLSTM_sd0.2_rd0.4_u32_lr0.001",
  "macro_f1": 0.6401,
  "accuracy": 0.7294,
  "class_names": [
    "Conspiratorial",
    "Critical/Skeptical",
    "Enthusiastic",
    "Neutral"
  ],
  "classification_report": {
    "Conspiratorial": {
      "precision": 0.4742268041237113,
      "recall": 0.5411764705882353,
      "f1-score": 0.5054945054945055,
      "support": 85.0
    },
    "Critical/Skeptical": {
      "precision": 0.4444444444444444,
      "recall": 0.5306122448979592,
      "f1-score": 0.48372093023255813,
      "support": 98.0
    },
    "Enthusiastic": {
      "precision": 0.8148148148148148,
      "recall": 0.8205128205128205,
      "f1-score": 0.8176538908246226,
      "support": 429.0
    },
    "Neutral": {
      "precision": 0.7902298850574713,
      "recall": 0.7198952879581152,
      "f1-score": 0.7534246575342466,
      "support": 382.0
    },
    "accuracy": 0.7293762575452716,
    "macro avg": {
      "precision": 0.6309289871101105,
      "recall": 0.6530492059892825,
      "f1-score": 0.6400734960214832,
      "support": 994.0
    },
    "weighted avg": {
      "precision": 0.7397265649432401,
      "recall": 0.7293762575452716,
      "f1-score": 0.7333535437340735,
      "support": 994.0
    }
  },
  "confusion_matrix": [
    [
      46,
      15,
      6,
      18
    ],
    [
      19,
      52,
      16,
      11
    ],
    [
      13,
      20,
      352,
      44
    ],
    [
      19,
      30,
      58,
      275
    ]
  ],
  "per_class_metrics": {
    "Conspiratorial": {
      "precision": 0.4742,
      "recall": 0.5412,
      "f1_score": 0.5055,
      "support": 85
    },
    "Critical/Skeptical": {
      "precision": 0.4444,
      "recall": 0.5306,
      "f1_score": 0.4837,
      "support": 98
    },
    "Enthusiastic": {
      "precision": 0.8148,
      "recall": 0.8205,
      "f1_score": 0.8177,
      "support": 429
    },
    "Neutral": {
      "precision": 0.7902,
      "recall": 0.7199,
      "f1_score": 0.7534,
      "support": 382
    }
  }
}