{
    "train_loss": [
        0.9841391444206238,
        0.9021980166435242,
        0.7965438961982727,
        0.632744550704956,
        0.5579944252967834
    ],
    "valid_loss": [
        0.9206873774528503,
        0.8481424450874329,
        0.8607953786849976,
        0.8311906456947327,
        0.8102111220359802
    ],
    "macro_f1": [
        0.5556589721897636,
        0.6015090572993074,
        0.594575088099756,
        0.6351199763335797,
        0.6370760483277415
    ]
}