{
    "model_name": "ULMFiT AWD-LSTM",
    "test_macro_f1": 0.6653,
    "drop_mult": 0.5,
    "loss": "weighted CrossEntropyLoss",
    "class_names": [
        "Conspiratorial",
        "Critical/Skeptical",
        "Enthusiastic",
        "Neutral"
    ],
    "confusion_matrix": [
        [
            62,
            12,
            1,
            10
        ],
        [
            17,
            61,
            11,
            9
        ],
        [
            25,
            31,
            346,
            27
        ],
        [
            39,
            34,
            43,
            266
        ]
    ],
    "classification_report": {
        "Conspiratorial": {
            "precision": 0.43356643356643354,
            "recall": 0.7294117647058823,
            "f1-score": 0.543859649122807,
            "support": 85.0
        },
        "Critical/Skeptical": {
            "precision": 0.4420289855072464,
            "recall": 0.6224489795918368,
            "f1-score": 0.5169491525423728,
            "support": 98.0
        },
        "Enthusiastic": {
            "precision": 0.8628428927680798,
            "recall": 0.8065268065268065,
            "f1-score": 0.8337349397590361,
            "support": 429.0
        },
        "Neutral": {
            "precision": 0.8525641025641025,
            "recall": 0.6963350785340314,
            "f1-score": 0.7665706051873199,
            "support": 382.0
        },
        "accuracy": 0.7394366197183099,
        "macro avg": {
            "precision": 0.6477506036014655,
            "recall": 0.7136806573396393,
            "f1-score": 0.665278586652884,
            "support": 994.0
        },
        "weighted avg": {
            "precision": 0.7806952470924049,
            "recall": 0.7394366197183099,
            "f1-score": 0.7519027640470562,
            "support": 994.0
        }
    },
    "per_class_metrics": {
        "Conspiratorial": {
            "precision": 0.4336,
            "recall": 0.7294,
            "f1_score": 0.5439,
            "support": 85
        },
        "Critical/Skeptical": {
            "precision": 0.442,
            "recall": 0.6224,
            "f1_score": 0.5169,
            "support": 98
        },
        "Enthusiastic": {
            "precision": 0.8628,
            "recall": 0.8065,
            "f1_score": 0.8337,
            "support": 429
        },
        "Neutral": {
            "precision": 0.8526,
            "recall": 0.6963,
            "f1_score": 0.7666,
            "support": 382
        }
    }
}