{
    "Conspiratorial": {
        "precision": 0.43356643356643354,
        "recall": 0.7294117647058823,
        "f1-score": 0.543859649122807,
        "support": 85.0
    },
    "Critical/Skeptical": {
        "precision": 0.4420289855072464,
        "recall": 0.6224489795918368,
        "f1-score": 0.5169491525423728,
        "support": 98.0
    },
    "Enthusiastic": {
        "precision": 0.8628428927680798,
        "recall": 0.8065268065268065,
        "f1-score": 0.8337349397590361,
        "support": 429.0
    },
    "Neutral": {
        "precision": 0.8525641025641025,
        "recall": 0.6963350785340314,
        "f1-score": 0.7665706051873199,
        "support": 382.0
    },
    "accuracy": 0.7394366197183099,
    "macro avg": {
        "precision": 0.6477506036014655,
        "recall": 0.7136806573396393,
        "f1-score": 0.665278586652884,
        "support": 994.0
    },
    "weighted avg": {
        "precision": 0.7806952470924049,
        "recall": 0.7394366197183099,
        "f1-score": 0.7519027640470562,
        "support": 994.0
    }
}